i_r2IaJsAUM,Aizayah_Hills__morning,Promoting_Sounds,i_r2IaJsAUM.m4a
A4N1j8yP2lw,Kado__Empty,Promoting_Sounds,A4N1j8yP2lw.m4a
0_AJE1kAjBM,Mezsiah__COASTAL_LIGHTS,Promoting_Sounds,0_AJE1kAjBM.m4a
wIlY8yYE82o,Casey_Mason__not_the_same,Promoting_Sounds,wIlY8yYE82o.m4a
f_BqwbLBCls,PRZNT__LAUDY_DAUDY,Poison_Nancy,f_BqwbLBCls.m4a
ViObwF1ScSo,Kado__Running_Up_That_Hill_ft_Maiza__SEON,Promoting_Sounds,ViObwF1ScSo.m4a
byfiQA8HRaE,Olivia_Rodrigo__good_4_u_Lyrics,Taj_Tracks,byfiQA8HRaE.m4a
qseobtp6jF8,8_Graves__Cold_World,8_Graves,qseobtp6jF8.m4a
Rp0asR_2Ono,Juice_WRLD__Ring_Ring_feat_Clever_Official_Audio,Juice_WRLD,Rp0asR_2Ono.m4a
4mJayYlfcWo,Imagine_Dragons__Wrecked_Lyric_Video,ImagineDragonsVEVO,4mJayYlfcWo.m4a
8pF6p2pIrAs,6o__Sick_Of_This,Promoting_Sounds,8pF6p2pIrAs.m4a
GNxdB8Rpcwo,GEazy_Delacey__Cruel_Intentions_Lyrics,TunesCres,GNxdB8Rpcwo.m4a
8OmUisRHSrE,Confetti__Dear_God,CloudKid,8OmUisRHSrE.m4a
a2ZqkHOc4ck,Lyrics_Blackbear__Chateau,Fae,a2ZqkHOc4ck.m4a
fEUS_NP5Qzo,blackbear__chateau_Audio,blackbear,fEUS_NP5Qzo.m4a
_ZkP5Bb1pVQ,blackbear__me__ur_ghost_Lyrics,7clouds,_ZkP5Bb1pVQ.m4a
J9cM5q_AhrU,blackbear__hot_girl_bummer_Lyrics,7clouds,J9cM5q_AhrU.m4a
9e2buqBpSBU,AJR__BANG_Lyrics,7clouds,9e2buqBpSBU.m4a
iDz4vmiyIf8,Trevor_Daniel__Empty_Official_Audio,Trevor_Daniel,iDz4vmiyIf8.m4a
hruqhM2Axnc,Juice_WRLD__Robbery_Lyrics,FutureHype,hruqhM2Axnc.m4a
UFuZ1GnoTXw,Sober_Up_AJR,Hunter_Music,UFuZ1GnoTXw.m4a
tgnNJsG4O8M,AJR__Weak_Lyrics,Mlyrics,tgnNJsG4O8M.m4a
VP3LnpZnvmY,Smokepurpp__Tide_Pen_Lyrics_Feat_Jack_Harlow,Rap_Paradise,VP3LnpZnvmY.m4a
fSab0WxHeY8,Blackbear__I_Felt_That_Lyrics,Gold_Coast_Music,fSab0WxHeY8.m4a
IzFLlqwEI2w,The_Kid_Laroi__Tell_Me_Why_Lyrics,Rap_Paradise,IzFLlqwEI2w.m4a
ZP_4hj-3x1s,Blackbear__i_miss_the_old_u_Lyrics,Vibe_Jaron,ZP_4hj-3x1s.m4a
NvYyiChJhoE,blackbear__DEAD_TO_ME_Lyrics,Urban_Paradise,NvYyiChJhoE.m4a
nMVFSwfV6wk,24kGoldn__Mood_Lyrics_ft_Iann_Dior,Taj_Tracks,nMVFSwfV6wk.m4a
Awl0uiT9qaM,blackbear__queen_of_broken_hearts_Lyrics,7clouds,Awl0uiT9qaM.m4a
8HBcV0MtAQg,No_Role_Modelz,J_Cole__Topic,8HBcV0MtAQg.m4a
_896FUIDZhM,alx__face_inside_the_wind_lyrics__432hz,432Hz_VIBEz,_896FUIDZhM.m4a
ULSRPBi6O9E,Helve__Imghost_lyrics,Instant_Heat,ULSRPBi6O9E.m4a
84I5b1VlXsQ,Ricci_Paolo__DOMO,Promoting_Sounds,84I5b1VlXsQ.m4a
DLX6n2pUQho,CNN_Mikey__Sobriety,Promoting_Sounds,DLX6n2pUQho.m4a
8P0vKLHbtMg,Linkin_Park___Numb_Lyrics,7clouds,8P0vKLHbtMg.m4a
RsUztrk0jlA,Confetti__Guilty_Pleasures,CloudKid,RsUztrk0jlA.m4a
W3H_8l6dvZs,Crypto__Faded_feat_Constance,Trap_Nation,W3H_8l6dvZs.m4a
pTXVU9XMCjQ,The_Kid_LAROI__Thousand_Miles_Lyrics,The_Vibe_Guide,pTXVU9XMCjQ.m4a
RZ3fbdswEEU,CNN_Mikey__treat_u_right,Promoting_Sounds,RZ3fbdswEEU.m4a
FAST5bpbkDU,PmBata__i_hate_her_boyfriends_face_Official_Video,PmBata,FAST5bpbkDU.m4a
SNemMQpQN_w,imfalls__I_Lost_Myself,Promoting_Sounds,SNemMQpQN_w.m4a
1p1BwKFpPcc,Skeler__Voices_In_My_Head,DISTX,1p1BwKFpPcc.m4a
dYKI4OAG5WA,Kado__XOXO_ft_2gaudy_637godwin,Promoting_Sounds,dYKI4OAG5WA.m4a
zhs16mXgfZc,Rxseboy__Hit_The_Road_w_Jomie,Promoting_Sounds,zhs16mXgfZc.m4a
5JlXPv-CO-U,Love_Lies,KennethWayne__Topic,5JlXPv-CO-U.m4a
4NigXmbYLdU,Kidd_Snooze__sunken_place,Promoting_Sounds,4NigXmbYLdU.m4a
k72uaxpswA4,GODWIN__NEXT_PILL_PRODFENIKO,SHI_KEI,k72uaxpswA4.m4a
seAhBaVmSFQ,Imagine_Dragons__jid__Enemy_Lyrics_Oh_the_miseryeverybody_wants_to_be_my_enemy_TikTok_Song,Matrix_Sound,seAhBaVmSFQ.m4a
CiexgXuiobo,DOWNFVLL_x_KYLOF_SZE__Regiment,splashmp3,CiexgXuiobo.m4a
l0koAM42Qnk,Thousand_Miles,The_Kid_Laroi__Topic,l0koAM42Qnk.m4a
9KXh88YjA4s,NREY__No_Stress,Promoting_Sounds,9KXh88YjA4s.m4a
VyFLv8eJRd0,ChurchHill__NeverHeardOfYou,Promoting_Sounds,VyFLv8eJRd0.m4a
eVkPgmZvklI,Aiden_Hilton__pink_dyed_hair_ft_Carter_Tomorrow,Promoting_Sounds,eVkPgmZvklI.m4a
gHPdTpGmW1g,DOWNFVLL__BULLSEYE_ft_NIKKO,splashmp3,gHPdTpGmW1g.m4a
oxPtvf_7kNQ,kiryuu__misconstrued,Promoting_Sounds,oxPtvf_7kNQ.m4a
1t_CymI0AMI,Rozei__Crashing__Burning_Lyrics,Systemic,1t_CymI0AMI.m4a
VhVFodiVR10,DONOTELLO__God_Level,splashmp3,VhVFodiVR10.m4a
iOVmwOJYIwM,Arizona_Zervas__My_Time_Lyrics,Systemic,iOVmwOJYIwM.m4a
LPbIfW11zlQ,Pretty_Pacc__Half_Alive_with_LaythBu,ClassyTracks_97,LPbIfW11zlQ.m4a
r-fhcbdmg3c,i_never_wanna_be_you,Promoting_Sounds,r-fhcbdmg3c.m4a
enzAqfTOE1Y,LOAT__xanny_bar_leak,splashmp3,enzAqfTOE1Y.m4a
96W2xVU-E6c,The_Kid_LAROI__Thousand_Miles_Lyrics,Promoting_Sounds,96W2xVU-E6c.m4a
Vr_8K9yPhfE,im_done_with_you,Promoting_Sounds,Vr_8K9yPhfE.m4a
XbE5lPwBXEc,916frosty__FRIDAY,916frosty,XbE5lPwBXEc.m4a
Dwd1xi5fryQ,Ring_Ring,Juice_WRLD__Topic,Dwd1xi5fryQ.m4a
UtPQm5EeziY,TrippyThaKid__get_high_relax_Prod_ZCR,splashmp3,UtPQm5EeziY.m4a
GrGXigEL9-Y,thought_it_was,Iann_Dior__Topic,GrGXigEL9-Y.m4a
d3fYp-nWG5U,do_re_mi,Hxzz__Topic,d3fYp-nWG5U.m4a
TGuC6VNWJi0,IDGAF,BoyWithUke__Topic,TGuC6VNWJi0.m4a
gBxrda4fzlM,Your_chill_days_are_better_with_these_songs,Promoting_Sounds,gBxrda4fzlM.m4a
gXArqcxHMlc,Kidd_Snooze__Stay_Inside_ft_Fowsha,Promoting_Sounds,gXArqcxHMlc.m4a
sWs4854xXa4,jay_kim__Same_Town,Promoting_Sounds,sWs4854xXa4.m4a
Buba7L3fFUs,we_fight_we_make_up__a_playlist_of_songs,Promoting_Sounds,Buba7L3fFUs.m4a
uYHNdTPV7pM,Hide,Juice_WRLD__Topic,uYHNdTPV7pM.m4a
Gg1wVCXLad0,nolan2__peekaboo,Promoting_Sounds,Gg1wVCXLad0.m4a
ROF31JRdpAo,Pxpi_AK__Dark_Place_unreleased,Promoting_Sounds,ROF31JRdpAo.m4a
iccaTDZPBbU,Goody_Grace__Mixed_Emotions,Promoting_Sounds,iccaTDZPBbU.m4a
xQKu2wR9L9E,My_demons_outnumber_me__a_playlist_of_songs,Promoting_Sounds,xQKu2wR9L9E.m4a
ZGJP5LY-bp0,KennethWayne__ANONYMOUS,Promoting_Sounds,ZGJP5LY-bp0.m4a
skWI1OLdMQA,lil_aaron__DRUGS,Promoting_Sounds,skWI1OLdMQA.m4a
bDVEdZaFHA8,KLOUD__VIRUS,KLOUD,bDVEdZaFHA8.m4a
USAlX0JC7X8,6o__Tongue_Tied,Promoting_Sounds,USAlX0JC7X8.m4a
GmxEvan83hA,ero808__RUNAWAY,Promoting_Sounds,GmxEvan83hA.m4a
uvrFaEmP6Vk,Cyrus_Villanueva__Blah_Visualizer,cyrusVEVO,uvrFaEmP6Vk.m4a
2ipQiDrqz4o,2gaudy_637godwin__xtasy,Promoting_Sounds,2ipQiDrqz4o.m4a
uXidy72snPY,you_made_me_lose_myself__a_playlist_of_songs,Promoting_Sounds,uXidy72snPY.m4a
7vJIwMAus7M,XANAKIN_SKYWOK__LIMO_BOYS_FT_SINODA_Official_AMV,XANAKIN_SKYWOK,7vJIwMAus7M.m4a
EhwGAAX6Bpc,sewerperson__it_must_be_a_pain_Lyrics__AMV,Biteki_,EhwGAAX6Bpc.m4a
k7LizZaqXK4,MONEY_DANCE,Promoting_Sounds,k7LizZaqXK4.m4a
pW6s5N7YH0g,2gaudy_637godwin__Midas_Touch,Promoting_Sounds,pW6s5N7YH0g.m4a
8nYM21Yo5Jc,GLAD_YOU_CAME,Promoting_Sounds,8nYM21Yo5Jc.m4a
IKj4KOhz8cc,Kado__JOKES_ON_U,Promoting_Sounds,IKj4KOhz8cc.m4a
m0OWcpFyLtY,fawlin__right_now_Lyrics,BangersOnly,m0OWcpFyLtY.m4a
RhDWz4_R-wY,i_wish_i_never_met_you,Promoting_Sounds,RhDWz4_R-wY.m4a
EA6GCAaV4h4,idkjack__ylmshwty__Loosen_Up,Promoting_Sounds,EA6GCAaV4h4.m4a
ufs7g3VkWws,2gaudy_637godwin__The_Hunt,Promoting_Sounds,ufs7g3VkWws.m4a
CHyZSd1i8eI,let_you,Iann_Dior__Topic,CHyZSd1i8eI.m4a
3FV-OTfULwQ,WillV__BORA_BORA,Promoting_Sounds,3FV-OTfULwQ.m4a
N_W8ebLLk3E,DUVO__Psycho,Promoting_Sounds,N_W8ebLLk3E.m4a
rsmTLcC923s,tommy_ice_x_Thekidszn__Heart_On_My_Sleeve_,Promoting_Sounds,rsmTLcC923s.m4a
UhZlMYhlPAw,Rarin__Pressed__Whiplash_Official_Lyric_Video,Pressed,UhZlMYhlPAw.m4a
2iQQ9zFEO-A,Ayest__Fiji_Truth_Official_Audio,Ayest,2iQQ9zFEO-A.m4a
F5cWlmbhAzM,NREY__Showing_Up,Promoting_Sounds,F5cWlmbhAzM.m4a
4infaRXJaUo,cloverscars_x_2gaudy_637godwin__Drive_Me_Crazy,Promoting_Sounds,4infaRXJaUo.m4a
-sHx_JlhyOE,sewerperson__be_careful,Biteki_,-sHx_JlhyOE.m4a
RoINnVDKeAs,X_WEST__Run_From_Me,Promoting_Sounds,RoINnVDKeAs.m4a
HDAABuzXqMY,naits_x_fawlin__coffin_girl_lyrics_AMV,Biteki_,HDAABuzXqMY.m4a
pLZi-VgG-5I,AYYBEE__Top_The_World,Music_Promotion_Channel,pLZi-VgG-5I.m4a
E29vISrPlnc,LIL_PEEJ_ft_Tommy_Ice__I_Need_You,Promoting_Sounds,E29vISrPlnc.m4a
sybw9HI3Nh4,pestotrip__roses,Toxic,sybw9HI3Nh4.m4a
lAOg3nPHhmw,2gaudy_637godwin__FCK_EM_ALL__gaming_music,Promoting_Sounds,lAOg3nPHhmw.m4a
Ilaa7qeG2Zk,PXPI_AK__OMG_LESSGO__gaming_song,Promoting_Sounds,Ilaa7qeG2Zk.m4a
BSHwRZ0QCC0,whxami__only_feet_apart__Prod_Kiraw_Lyrics_x_AMV,IDLEGLANCE,BSHwRZ0QCC0.m4a
O23_3HtPcBs,Thekidszn__On__On,Promoting_Sounds,O23_3HtPcBs.m4a
RmWsLuzOTqs,Josh_A__BLESSED_II,Josh_A,RmWsLuzOTqs.m4a
g9qTlxr5v4k,637godwin__So_Far_Away,Promoting_Sounds,g9qTlxr5v4k.m4a
svUICbSI4xE,WOCKY_SLUSH,Dro_Kenji__Topic,svUICbSI4xE.m4a
RhjznoAkkWg,916frosty__enough,916frosty,RhjznoAkkWg.m4a
E1YGjkcVe4c,Songs_to_make_you_feel_like_the_main_character_playlist,Promoting_Sounds,E1YGjkcVe4c.m4a
z2_Lrg6rRks,Ed_Sheeran__Shivers_Official_Lyric_Video,Ed_Sheeran,z2_Lrg6rRks.m4a
jaPmcV5omBk,Juice_WRLD__XXXTENTACION__piece_of_me_Ocean_Mix,Promoting_Sounds,jaPmcV5omBk.m4a
Xfl47RkFEPA,Best_gaming_songs_playlist_Fortnite_Free_Fire__more,Promoting_Sounds,Xfl47RkFEPA.m4a
p_fAIVgFLoo,Pretty_Pacc__Count_To_Five__your_playlist_needs_this,Promoting_Sounds,p_fAIVgFLoo.m4a
Uf44qYhHplE,Pxpi_AK__Makin_A_Scene___gaming_rap_song,Promoting_Sounds,Uf44qYhHplE.m4a
ggQUP04vlYE,The_Peoples_Thieves__Now_That_Were_Alone_audio_lyrics_in_description,The_Peoples_Thieves,ggQUP04vlYE.m4a
76bBjpB4h-0,tommy_ice__showmelove_w_killbunk_underrated_rap_song,Promoting_Sounds,76bBjpB4h-0.m4a
77X3vsYJ9K8,Majii__I_AM_ft_Grant_Dawson_Lyrics__AMV_No_Copyright_Song,Promoting_Sounds,77X3vsYJ9K8.m4a
p4mjvnK3akQ,_my_worst,blackbear__Topic,p4mjvnK3akQ.m4a
UYGQdHFS9tE,Rain_from_The_Suicide_Squad,grandson__Topic,UYGQdHFS9tE.m4a
Gc7_DM545O8,Now_That_Were_Alone,The_Peoples_Thieves__Topic,Gc7_DM545O8.m4a
YtfH4PDaKRE,Wild_Blood,Sam_Tinnesz__Topic,YtfH4PDaKRE.m4a
RekyE7ziFYo,Figure_Eight,Trophy_Eyes__Topic,RekyE7ziFYo.m4a
mRx5Ae_yzKQ,Maiza__Broken_Promises,Promoting_Sounds,mRx5Ae_yzKQ.m4a
SBcsOAlVMHI,idkjack__heart__w_ylm_shwty,Promoting_Sounds,SBcsOAlVMHI.m4a
ykhcpoGkW0w,Choose_Life,Poorstacy__Topic,ykhcpoGkW0w.m4a
USu7XRmx7SU,Tonight_Is_The_Night_I_Die,Palaye_Royale__Topic,USu7XRmx7SU.m4a
R5hPbyEt0nA,Eryxse__Swing_By_The_Moon,Promoting_Sounds,R5hPbyEt0nA.m4a
S-UHEQBO-zM,Ouse__Lund__Demons_Official_Lyrics,Promoting_Sounds,S-UHEQBO-zM.m4a
5hqK-A0UxKw,Khalid_Kane_Brown__Saturday_Nights_REMIX_Official_Video,KhalidVEVO,5hqK-A0UxKw.m4a
ddoFu4sDXpU,Juice_WRLD__Tell_Me_U_Luv_Me_ft_Trippie_Redd_Directed_by_Cole_Bennett,Lyrical_Lemonade,ddoFu4sDXpU.m4a
eTaC_pPpGL8,The_Kid_LAROI__Tell_Me_Why_Directed_by_Cole_Bennett,Lyrical_Lemonade,eTaC_pPpGL8.m4a
TzFr-SKga3g,PmBata__Losing_Blood_Lyrics,SauceOnly,TzFr-SKga3g.m4a
rhEeD7D3tWA,Josh_A__MOOD_SWINGS,Josh_A,rhEeD7D3tWA.m4a
yoM2PEcqAtE,Hxzz__XO,Promoting_Sounds,yoM2PEcqAtE.m4a
GsU8wB35EWc,Kam_Michael__unloved__ft_Adam_VanHoose,Promoting_Sounds,GsU8wB35EWc.m4a
DqoOVJDr6Zs,PmBata__small_town_BIG_DREAMS,Promoting_Sounds,DqoOVJDr6Zs.m4a
CGsEGrWxsTc,Lil_Story__Have_It_All,Promoting_Sounds,CGsEGrWxsTc.m4a
wAzQc5XMJ8c,Kid_E__for_u,Promoting_Sounds,wAzQc5XMJ8c.m4a
86IgLpeRBl4,Run,Joji__Topic,86IgLpeRBl4.m4a
-vGvaGo-pCE,Tavenchi__Sinner,Promoting_Sounds,-vGvaGo-pCE.m4a
Q2gospLJr6s,BriC__Why_Now,Promoting_Sounds,Q2gospLJr6s.m4a
uilvMR851Y8,MBK_Pook__Ocean_Eyez,Promoting_Sounds,uilvMR851Y8.m4a
TKNwP77JEec,LECADE_ft_Rarin__Blue_Balenciagas,Promoting_Sounds,TKNwP77JEec.m4a
HuXvDfbJbkE,KennethWayne__Love_Lies_,Promoting_Sounds,HuXvDfbJbkE.m4a
dcCRUPCdB1w,Motion_City_Soundtrack__My_Favorite_Accident,Rachel,dcCRUPCdB1w.m4a
w3Ir550VlMU,Miss_You_a_Little_feat_lovelytheband,Bryce_Vine__Topic,w3Ir550VlMU.m4a
PBroDix9vqE,Im_Dru__Give_Me_Title_Now_,Promoting_Sounds,PBroDix9vqE.m4a
AcclNSwN4sE,101ycfm___Mad_at_Me,Promoting_Sounds,AcclNSwN4sE.m4a
Ioakdfu421c,re__guess_i_just_wasnt_enough_then,Promoting_Sounds,Ioakdfu421c.m4a
biEKnrjyHUs,LONELY_AND_FCKED_UP,The_Kid_Laroi__Topic,biEKnrjyHUs.m4a
SHPx85_D9A8,Cold,Maroon_5__Topic,SHPx85_D9A8.m4a
HrqYkT68rNY,SUN_GOES_DOWN,Lil_Nas_X__Topic,HrqYkT68rNY.m4a
1m0gYENb9R4,DONT_WANT_IT,Lil_Nas_X__Topic,1m0gYENb9R4.m4a
MnGEni-4pGU,LJ__Sunrise_,Promoting_Sounds,MnGEni-4pGU.m4a
QDYDRA5JPLE,Lil_Nas_X__THATS_WHAT_I_WANT_Official_Video,LilNasXVEVO,QDYDRA5JPLE.m4a
i7XDefCU6SI,ilyaugust__Go_Down,Promoting_Sounds,i7XDefCU6SI.m4a
62ZnGiI1NM4,DUFF__fck_you_ft_Grant_Dawson,Promoting_Sounds,62ZnGiI1NM4.m4a
MEg-oqI9qmw,Masked_Wolf__Astronaut_In_The_Ocean_Official_Music_Video,Masked_Wolf,MEg-oqI9qmw.m4a
Il0S8BoucSA,Ed_Sheeran__Shivers_Official_Video,Ed_Sheeran,Il0S8BoucSA.m4a
OhQmXhiCok8,WillV__DOT_DOT_DOT_ft_Maiza,Promoting_Sounds,OhQmXhiCok8.m4a
L67ISaa4MNY,Kiremi__Stressed_,Promoting_Sounds,L67ISaa4MNY.m4a
TJS4nKPWaJk,Nick_Bonin__Im_The_Type,Promoting_Sounds,TJS4nKPWaJk.m4a
2loK9tzg_j4,PRAYER__I_KNOW,Promoting_Sounds,2loK9tzg_j4.m4a
8mmGRB_4xto,tommy_ice__You_Said,Promoting_Sounds,8mmGRB_4xto.m4a
kPkaX3ak16w,Jauque_X__Waiting_ft_Solderis,Promoting_Sounds,kPkaX3ak16w.m4a
FLhWj_pIk5g,Drive_feat_Wes_Nelson,Clean_Bandit__Topic,FLhWj_pIk5g.m4a
iHBtZ4eey9M,Maiza__Hat_Trick,Promoting_Sounds,iHBtZ4eey9M.m4a
orJSJGHjBLI,Ed_Sheeran__Bad_Habits_Official_Video,Ed_Sheeran,orJSJGHjBLI.m4a
gNi_6U5Pm_o,Olivia_Rodrigo__good_4_u_Official_Video,OliviaRodrigoVEVO,gNi_6U5Pm_o.m4a
UTHLKHL_whs,Lil_Nas_X_Jack_Harlow__INDUSTRY_BABY_Official_Video,LilNasXVEVO,UTHLKHL_whs.m4a
9TMymE2IpzY,Jake_Hill__dying_lately_Full_Album,iamjakehill,9TMymE2IpzY.m4a
eAm0ySdS8-4,Josh_A__PAINLESS,Josh_A,eAm0ySdS8-4.m4a
UlyVrluSeD0,Josh_A__YOURE_NOT_ALONE,Josh_A,UlyVrluSeD0.m4a
YykjpeuMNEk,Coldplay__Hymn_For_The_Weekend_Official_Video,Coldplay,YykjpeuMNEk.m4a
482uhmzyTFQ,Josh_A__LONELY_VIBES,Josh_A,482uhmzyTFQ.m4a
HdzI-191xhU,ODESZA__Say_My_Name_feat_Zyra__Lyric_Video,ODESZA,HdzI-191xhU.m4a
iunVv9Ev8iY,637godwin__Out_of_Luck,Promoting_Sounds,iunVv9Ev8iY.m4a
vSwsz0bG-Ps,Maiza__Puerto_Rico,Promoting_Sounds,vSwsz0bG-Ps.m4a
FmpyLaqSJOc,Maiza__Top_Down,Promoting_Sounds,FmpyLaqSJOc.m4a
ZZ0j6aslyRI,Rodd_Rigo__Tropics_ft_BriC,Promoting_Sounds,ZZ0j6aslyRI.m4a
UZHiRL8dHIc,Maiza__Chase_Down_ft_BriC,Promoting_Sounds,UZHiRL8dHIc.m4a
U8S5ix9HrAc,PAYCHECK__Secrets,Promoting_Sounds,U8S5ix9HrAc.m4a
1Kcv-RmVVIs,DIRTYXAN__MEAN_GIRLS,Promoting_Sounds,1Kcv-RmVVIs.m4a
erx-9JzpwEA,airplane_mode__chill_hip_hop__rap_mix,Promoting_Sounds,erx-9JzpwEA.m4a
UaZglUgdxKQ,J_YOUNG__4_White_Walls_ft_Ely_Waves,Promoting_Sounds,UaZglUgdxKQ.m4a
EGfoxY62pVU,Maiza__Hypnotic,Promoting_Sounds,EGfoxY62pVU.m4a
qo5a7aUrdd8,Noah_216__Tango,Promoting_Sounds,qo5a7aUrdd8.m4a
0dp4EOi08os,the_kid_laroi__justin_bieber__stay_slowed__reverb,slerb,0dp4EOi08os.m4a
aHE6sHDb928,The_Kid_LAROI__OVER_YOU_Official_Audio,TheKidLAROIVEVO,aHE6sHDb928.m4a
b3vlxNUiLws,The_Kid_LAROI__SAME_ENERGY_Official_Audio,TheKidLAROIVEVO,b3vlxNUiLws.m4a
F3gqV1oBS04,BriC__Nobu_ft_Cee_Cee,Promoting_Sounds,F3gqV1oBS04.m4a
pNhrhRM_OgY,Genosky__Remember,Promoting_Sounds,pNhrhRM_OgY.m4a
4k98P-EsfBE,6VIB3Z__Break_Your_Heart,Promoting_Sounds,4k98P-EsfBE.m4a
kTJczUoc26U,The_Kid_LAROI_Justin_Bieber__STAY_Official_Video,TheKidLAROIVEVO,kTJczUoc26U.m4a
MBDrOhDScAE,Cal_Scruby__Artificial_Love_ft_PmBata,Promoting_Sounds,MBDrOhDScAE.m4a
GmmzVAMLfC4,XINCLAIR__i_been,Promoting_Sounds,GmmzVAMLfC4.m4a
-170BhcGPY0,Cya2mrw__Fall_In_Love,Promoting_Sounds,-170BhcGPY0.m4a
Au0TJwWPDgM,WillV__OUTER_SPACE,Promoting_Sounds,Au0TJwWPDgM.m4a
U3BVFY9wnTw,Lil_Nas_X__SUN_GOES_DOWN_Official_Video,LilNasXVEVO,U3BVFY9wnTw.m4a
XP_kS8X1DoM,rarin__Ashes,Promoting_Sounds,XP_kS8X1DoM.m4a
1KdQvhlINIk,Stellar__El_Dorado_Official_Lyric_Video,Stellar,1KdQvhlINIk.m4a
6SdHGWjYNKc,MASN__Hate_Me,scroll,6SdHGWjYNKc.m4a
u_9y99zvJkw,NewB__Helluva_Night_ft_Shano,Promoting_Sounds,u_9y99zvJkw.m4a
Hl6yoypP4dE,Confetti__Right_Now,CloudKid,Hl6yoypP4dE.m4a
A6uEgYa2B74,Basco__SELL_OUT,Promoting_Sounds,A6uEgYa2B74.m4a
AATs_WFS1UU,rarin__The_Weekend,Promoting_Sounds,AATs_WFS1UU.m4a
jF7Ba8Ns13Q,Sujo__LRL,Promoting_Sounds,jF7Ba8Ns13Q.m4a
HFWv-VZHMIQ,Rodd_Rigo__Bad_Vibes,Promoting_Sounds,HFWv-VZHMIQ.m4a
Uyi1ex9wPO8,BriC__Do_The_Most,Promoting_Sounds,Uyi1ex9wPO8.m4a
e4UKtfiX_wM,Monsters_feat_blackbear,All_Time_Low__Topic,e4UKtfiX_wM.m4a
pUebAGcac3I,Pardyalone__Sincerely_F_You,Promoting_Sounds,pUebAGcac3I.m4a
yasj3j76SyM,The_Kid_LAROI__So_Done_Directed_by_Cole_Bennett,Lyrical_Lemonade,yasj3j76SyM.m4a
VKQYunlVLPk,dom_palmon__one_call,Promoting_Sounds,VKQYunlVLPk.m4a
F72kYEDkGsI,Arizona_Zervas__drinking_problem_ft_27CLUB,Promoting_Sounds,F72kYEDkGsI.m4a
NsW5bIb0Hx8,KennethWayne__Save_Me,Promoting_Sounds,NsW5bIb0Hx8.m4a
JlyM3jkhemM,Jack_Prince__WILD,Promoting_Sounds,JlyM3jkhemM.m4a
tGB3ZlbgrOs,Lilcheatcod__My_Ways,Promoting_Sounds,tGB3ZlbgrOs.m4a
tAGOkoQCmT8,Yxng_Davi__Call_Me_When_You_Can,Promoting_Sounds,tAGOkoQCmT8.m4a
dbcBe9smETI,6o__Tapatio_,Promoting_Sounds,dbcBe9smETI.m4a
ZgfYwoci2dw,Tokyo_Drifting,Glass_Animals__Topic,ZgfYwoci2dw.m4a
g55tCF_VN7w,Laws__Ride_or_Die,Promoting_Sounds,g55tCF_VN7w.m4a
Z1JjiKH-Czo,FLYBOYELI__Real_Side,Promoting_Sounds,Z1JjiKH-Czo.m4a
EOXm1HtcG68,BriC__Exposed,Promoting_Sounds,EOXm1HtcG68.m4a
Rrygt6Xdhug,637godwin__Woah,Promoting_Sounds,Rrygt6Xdhug.m4a
Rh-i1r_f7fU,Jack_Prince__CLOUT,Promoting_Sounds,Rh-i1r_f7fU.m4a
KjUOcFfV9R0,BriC__Blacked_Out_Whip_ft_MEMORIA_XI,Promoting_Sounds,KjUOcFfV9R0.m4a
vSW2M-BB1NE,Liam_Payne__Strip_That_Down_Official_Video_ft_Quavo,LiamPayneVEVO,vSW2M-BB1NE.m4a
BiHx2TK23Lc,all_eyes_on_you,Gianni_And_Kyle__Topic,BiHx2TK23Lc.m4a
p_a3AsqA0Ek,No_Games,Gianni_And_Kyle__Topic,p_a3AsqA0Ek.m4a
xSU2tF3i1SU,lax,Gianni_And_Kyle__Topic,xSU2tF3i1SU.m4a
Z3y3RLw9D7A,gianni__kyle__maverick_prod_by_kojo_a_backstreet_boy_meets_world,gianni__kyle,Z3y3RLw9D7A.m4a
_ISJAkl9NxA,kaygee__what_does_she_know,Promoting_Sounds,_ISJAkl9NxA.m4a
Ce-YjeBxnPw,SoLonely__alright,sad_chll,Ce-YjeBxnPw.m4a
J66-eehWXbQ,KennethWayne__MP3,Promoting_Sounds,J66-eehWXbQ.m4a
OpVWyskUP4o,637godwin__End_Of_My_Rope,Promoting_Sounds,OpVWyskUP4o.m4a
sUxn_Quh9-w,convolk__soldier,Promoting_Sounds,sUxn_Quh9-w.m4a
au8vaDbBEBc,DIRTYXAN__PAIN,Promoting_Sounds,au8vaDbBEBc.m4a
jhExvE5fvJw,Eminem__Crab_God_Full_Version,Kanskaart,jhExvE5fvJw.m4a
ah6-JNX_k1Y,Vaboh__cry_yourself_to_sleep,Promoting_Sounds,ah6-JNX_k1Y.m4a
iFmDx-JEJg0,Tuxx__old_me,Promoting_Sounds,iFmDx-JEJg0.m4a
GCsmtTecvMY,vaboh__Whats_Broken_With_You,Promoting_Sounds,GCsmtTecvMY.m4a
5_IvMakDWdk,Lil_Story__Lonely,Promoting_Sounds,5_IvMakDWdk.m4a
mebN8lmYEpE,Adam_Oh__Trapped_In_My_Mind_Lyrics,Aurora_Vibes,mebN8lmYEpE.m4a
yD4CLSqHGhg,Brandon_ThaKidd__Empty_ft_637godwin,Promoting_Sounds,yD4CLSqHGhg.m4a
UCJQc4BcmS0,nezzy__Cross_My_Heart,Promoting_Sounds,UCJQc4BcmS0.m4a
bIo2eER1fw4,Eredaze__I_Had_A_Dream_That_We_Could_Fly,Promoting_Sounds,bIo2eER1fw4.m4a
-9weEhrxHW4,The_Wavy_Kid__Bad,Promoting_Sounds,-9weEhrxHW4.m4a
V3YYUOtjoBY,Kado__Why_Cant_You_Just_Lie,Promoting_Sounds,V3YYUOtjoBY.m4a
FneIfRLfEa4,Ouse__Lovemark_Feat_Powfu,Ouse,FneIfRLfEa4.m4a
GaaDYtP9ZLI,tommy_ice__Keys_To_The_Benz,Promoting_Sounds,GaaDYtP9ZLI.m4a
mM8FTPwWHuc,Josh_A__WARZONE,Josh_A,mM8FTPwWHuc.m4a
aGcgYehCzyM,guardin__afterlife_prod_tunna,Guardin,aGcgYehCzyM.m4a
5H5yHcN-STY,killbunk__Chanel_Bag,Promoting_Sounds,5H5yHcN-STY.m4a
YrcLaYMCtPk,Yung_Gwopp__Miracle,Promoting_Sounds,YrcLaYMCtPk.m4a
7msm4m5C3T4,Naits__good_day_ft_Vxlious,Promoting_Sounds,7msm4m5C3T4.m4a
2WXtQXibBb8,ethan_ross__Katana,Promoting_Sounds,2WXtQXibBb8.m4a
Uv-9GxeyaDw,637godwin__No_Clue,Promoting_Sounds,Uv-9GxeyaDw.m4a
ViJ2onuZTD0,7RU7H__Save_Me,Promoting_Sounds,ViJ2onuZTD0.m4a
iebpyfgt19g,Kam_Michael__Stay_ft_Rxseboy__Keagan,Promoting_Sounds,iebpyfgt19g.m4a
N9Kb7rQcr2s,Dempsey__cool_kids_,Promoting_Sounds,N9Kb7rQcr2s.m4a
zRg4ITB1vdU,SadBoyProlific__walk_away_ft_Aiko__Teqkoi,Promoting_Sounds,zRg4ITB1vdU.m4a
LQn1twXb4CQ,Rxseboy__bus_ride,Promoting_Sounds,LQn1twXb4CQ.m4a
MBNyeX8tKJU,HEARTBRKKIDD__There_For_Mee,Promoting_Sounds,MBNyeX8tKJU.m4a
7gVNNPv8w4Q,Machine_Gun_Kelly_ft_Halsey__forget_me_too_Official_Audio,Machine_Gun_Kelly,7gVNNPv8w4Q.m4a
A4CpbULh0gU,Garr__18,Promoting_Sounds,A4CpbULh0gU.m4a
5Zk7cDiOo7I,killval__So_Long_prod_Nick_Mira,Promoting_Sounds,5Zk7cDiOo7I.m4a
c0oqnTMNcew,Stuck,Ollie__Topic,c0oqnTMNcew.m4a
jyTLSmGMuE8,JORDAN_KNOWS__WASSUP_ft_Thekidszn_LXST__Tommy_Ice,Promoting_Sounds,jyTLSmGMuE8.m4a
LFmIJ70smbs,vold__ONE_LAST_ONE,Promoting_Sounds,LFmIJ70smbs.m4a
12SokJhBzOU,Lil_Digital__Games_ft_Pain__Bitty,Promoting_Sounds,12SokJhBzOU.m4a
CkFYV9S0YDo,NUMB,XXXTENTACION__Topic,CkFYV9S0YDo.m4a
iyonRIT9v10,Dirty,grandson__Topic,iyonRIT9v10.m4a
u1BgKRuTI2g,NF__Thats_Alright_Lyrics,Promoting_Sounds,u1BgKRuTI2g.m4a
r-kl4jdp_uE,Jaaxx__GO,Promoting_Sounds,r-kl4jdp_uE.m4a
xM668tTbNdE,Nick_Bonin__September_ft_BrandonThaKidd,Promoting_Sounds,xM668tTbNdE.m4a
EYDGo3adncE,Dixie_DAmelio__Be_Happy_ft_blackbear__Lil_Mosey_Remix_Official_Lyric_Video,Dixie_DAmelio,EYDGo3adncE.m4a
3oygHNOLwWI,Rxseboy__Sarcastic_Sounds__Giants_ft_Dermot_Kennedy,Promoting_Sounds,3oygHNOLwWI.m4a
ZlN9jFEuLI0,Drinking_Problem,Arizona_Zervas__Topic,ZlN9jFEuLI0.m4a
oIAaapBCuio,Ritt_Momney__Put_Your_Records_On_Lyrics__tell_me_your_favourite_song_TikTok_Remix,Lazy_Lyrics,oIAaapBCuio.m4a
_75TTxA3yoI,Ouse__you_make_it_worse,Promoting_Sounds,_75TTxA3yoI.m4a
xEdjxI1bSPs,Pcam__Will_You_Remember_Me_Official_Lyric_Video,Pcam,xEdjxI1bSPs.m4a
RL14ppvRpL8,Everybody_Wants_You,johnny_orlando__Topic,RL14ppvRpL8.m4a
mrukuuMUu_s,Home,Machine_Gun_Kelly__Topic,mrukuuMUu_s.m4a
oHB_smLUmaA,My_Bad,Justin_Starling__Topic,oHB_smLUmaA.m4a
jxipIRg-f2Y,KAAN__Mary_Jane,SOCIAL,jxipIRg-f2Y.m4a
G95PSPyori4,Boy_In_Space__Caroline__Official_Video,Boy_In_Space,G95PSPyori4.m4a
ZJiMw7WJm2w,KAAN__Doubt_It,Promoting_Sounds,ZJiMw7WJm2w.m4a
RXpe-kbDJE8,Tipling_Rock__Staring_Visualizer,Tipling_Rock,RXpe-kbDJE8.m4a
w869Avr_fXI,Caesars_Palace__Jerk_It_Out_Official_Video,Warner_Music_Sweden,w869Avr_fXI.m4a
s9FW27bEkoU,Jack_Harlow__2STYLISH_Official_Audio,Jack_Harlow,s9FW27bEkoU.m4a
lIgtAxmA800,Lil_Mosey_Lunay__Top_Gone,LilMoseyVEVO,lIgtAxmA800.m4a
ouCuyQI9pXc,Young_T__Bugsey__Dont_Rush_ft_Headie_One_Music_Video__GRM_Daily,GRM_Daily,ouCuyQI9pXc.m4a
XDjB9E3YtUE,Heat_Waves,Glass_Animals__Topic,XDjB9E3YtUE.m4a
ZV_xcH8nve4,killbunk__not_okay,Promoting_Sounds,ZV_xcH8nve4.m4a
xzsIhN3mf-E,Mine,Bazzi__Topic,xzsIhN3mf-E.m4a
EVSZL8g_U6A,Devil_Eyes,Hippie_Sabotage__Topic,EVSZL8g_U6A.m4a
Kpa7gOOh9ks,Rooftops,Marshmello__Topic,Kpa7gOOh9ks.m4a
37aggLR14Zk,Love_Me_Less_feat_Quinn_XCII,MAX__Topic,37aggLR14Zk.m4a
c-SqoSNk3vI,Hooked,Why_Dont_We__Topic,c-SqoSNk3vI.m4a
zAw3MLNU56s,Shameless,Camila_Cabello__Topic,zAw3MLNU56s.m4a
zJ12UmGmd4k,Panama,Quinn_XCII__Topic,zJ12UmGmd4k.m4a
G48glgAsJhs,Zone,Arizona_Zervas__Topic,G48glgAsJhs.m4a
gDfBzCed95A,Beautiful_feat_Camila_Cabello,Bazzi__Topic,gDfBzCed95A.m4a
3Kuw0ZwI0WY,Midnight_Adventures,AnimeVibe,3Kuw0ZwI0WY.m4a
YvLXI-KahSo,Lil_Story__Last_Drink,Promoting_Sounds,YvLXI-KahSo.m4a
EpCv5kK9Do8,SadBoyProlific__Gone_But_Not_Forgotten_ftSnw,Promoting_Sounds,EpCv5kK9Do8.m4a
qcRnBTzU3uQ,sammyseven__i_miss_u_lyrics,_Static,qcRnBTzU3uQ.m4a
qkwPmJ9hIDk,Ollie__feelings,OfficialOllieMusic,qkwPmJ9hIDk.m4a
R3wb88EJwR4,sewerperson__breaking_the_exosphere_jabarionthebeat_lyrics,_Static,R3wb88EJwR4.m4a
bpmGuPhGE0Y,Machine_Gun_Kelly_ft_blackbear__my_exs_best_friend_Official_Lyric_Video,Machine_Gun_Kelly,bpmGuPhGE0Y.m4a
qt7GFWhzuqc,i_wish_i_was,Ouse,qt7GFWhzuqc.m4a
2GgeLZMCzaA,powfu__i_cant_sleep,Promoting_Sounds,2GgeLZMCzaA.m4a
BDf4fvubExc,you_cant_control_my_heart_ft_shiloh,the_bootleg_boy,BDf4fvubExc.m4a
MdRkSXym3IE,Powfu__days_we_had_ft_king_theta,_Static,MdRkSXym3IE.m4a
e0RLcNUoPOg,Powfu__im_used_to_it,Promoting_Sounds,e0RLcNUoPOg.m4a
5Di20x6vVVU,Juice_WRLD_ft_Marshmello__Come__Go_Official_Audio,Juice_WRLD,5Di20x6vVVU.m4a
Ndn-mYbozw4,Hammy__past_life_prod_xtravulous,sad_chll,Ndn-mYbozw4.m4a
7RPSYGspu2g,Naits__diamonds_on_my_neck,Promoting_Sounds,7RPSYGspu2g.m4a
rUq3U2Gm4Fo,Rxseboy__Memory_ft_SadBoyProlific,Promoting_Sounds,rUq3U2Gm4Fo.m4a
HkCa6gBD9fM,BriC__do_u_believe,Promoting_Sounds,HkCa6gBD9fM.m4a
0lxA1FXOiv0,Old_Dominion__One_Man_Band,olddominionVEVO,0lxA1FXOiv0.m4a
Qc8RrA5KBQo,Late_night___lofi_hip_hop__studysleephomework_music,Dreamy,Qc8RrA5KBQo.m4a
zmXVIlGMTaM,The_Adventures_Of_Moon_Man__Slim_Shady,Kid_Cudi__Topic,zmXVIlGMTaM.m4a
99Rk006Bwsg,songs_to_selfisolate_to,Promoting_Sounds,99Rk006Bwsg.m4a
__2Pui0YN_M,Freakin_Out_On_the_Interstate,Briston_Maroney__Topic,__2Pui0YN_M.m4a
patfta-HSc0,Sick_and_Tired,Iann_Dior__Topic,patfta-HSc0.m4a
3m6VGs9ZFV4,Got_It_On_Me,Pop_Smoke__Topic,3m6VGs9ZFV4.m4a
JApegyYlvyY,death_bed_coffee_for_your_head,Powfu__Topic,JApegyYlvyY.m4a
6YVnyMArPuk,If_I_Die,SoLoney__Topic,6YVnyMArPuk.m4a
_ESLe5Ub0IE,Close_To_Me,Ellie_Goulding__Topic,_ESLe5Ub0IE.m4a
sgwFUrfJsws,Bad_Guy,Cal_Scruby__Topic,sgwFUrfJsws.m4a
6TsnAZLYu0A,iann_dior__emotions_Official_Music_Video,iann_dior,6TsnAZLYu0A.m4a
gODMR80ZI3U,Secrets,A_Boogie_Wit_da_Hoodie__Topic,gODMR80ZI3U.m4a
4VJv4xRi-vU,A_Letter_To_My_Younger_Self,Quinn_XCII__Topic,4VJv4xRi-vU.m4a
HvpWP6Y7WDo,I_Need_A_Doctor,Dr_Dre__Topic,HvpWP6Y7WDo.m4a
dxr890_N7A4,ROCKSTAR_BLM_Remix,DaBaby__Topic,dxr890_N7A4.m4a
WMjB2pb_8aA,When_Only_You_Will_Do_feat_Droc,Clever__Topic,WMjB2pb_8aA.m4a
ppNo6hzrWhQ,Only,NF__Topic,ppNo6hzrWhQ.m4a
IHoj7qvNmwk,june__A_Little_Messed_Up,juneisabandVEVO,IHoj7qvNmwk.m4a
_vDedds370Y,Clever__When_Only_You_Will_Do_Ft_Droc,FCK_THEM,_vDedds370Y.m4a
DmNfT-B7nlA,A_Boogie_Wit_Da_Hoodie__Look_Back_At_It_Official_Audio,A_Boogie_Wit_da_Hoodie,DmNfT-B7nlA.m4a
8fK1kA9Q-3Y,Metro_Boomin__Space_Cadet_feat_Gunna_OFFICIAL_AUDIO,Metro_Boomin,8fK1kA9Q-3Y.m4a
KI9e5T8X4DQ,KYLE__Playinwitme_feat_Kehlani_Lyric_Video,SuperDuperKyle,KI9e5T8X4DQ.m4a
6o1gD9g_Bps,Flipp_Dinero__Leave_Me_Alone_Official_Audio,Flipp_Dinero,6o1gD9g_Bps.m4a
GX8Hg6kWQYI,XXXTENTACION__MOONLIGHT_OFFICIAL_MUSIC_VIDEO,XXXTENTACION,GX8Hg6kWQYI.m4a
74hZN9i2eEA,YoungBoy_Never_Broke_Again__Outside_Today_Official_Music_Video,YoungBoy_Never_Broke_Again,74hZN9i2eEA.m4a
s8QSTerhk8E,Yella_Beezy__Thats_On_Me_Remix_Official_Music_Video,Yella_Beezy,s8QSTerhk8E.m4a
Z95hl9XPHDE,Butterfly_Doors,Lil_Pump__Topic,Z95hl9XPHDE.m4a
cjJCAtjHN7c,Swervin_feat_6ix9ine,A_Boogie_Wit_da_Hoodie__Topic,cjJCAtjHN7c.m4a
jd-VdQNRUHs,Roddy_Ricch__Every_Season_Dir_By_JDFilms,Roddy_Ricch,jd-VdQNRUHs.m4a
Mr6PbpuxqJg,Lower_Level,Moneybagg_Yo__Topic,Mr6PbpuxqJg.m4a
Dst9gZkq1a8,Travis_Scott__goosebumps_ft_Kendrick_Lamar,TravisScottVEVO,Dst9gZkq1a8.m4a
zVlFkFmk_NM,Scared_of_the_Dark,Lil_Wayne__Topic,zVlFkFmk_NM.m4a
yQFBKx6eq8s,SAD,XXXTENTACION__Topic,yQFBKx6eq8s.m4a
UnyLfqpyi94,AJR__Burn_The_House_Down_Official_Video,AJR,UnyLfqpyi94.m4a
eACohWVwTOc,The_Chainsmokers__Sick_Boy_Official_Video,ChainsmokersVEVO,eACohWVwTOc.m4a
iO5IsdJQBUI,Look_Back_at_It,A_Boogie_Wit_da_Hoodie__Topic,iO5IsdJQBUI.m4a
yW4VeY0qCi0,Cant_Stop_Us,Chaz_French__Topic,yW4VeY0qCi0.m4a
NGbUsgG_48k,YNW_Melly__Mama_Cry_Official_Video,YNW_Melly,NGbUsgG_48k.m4a
g-uW3I_AtDE,Polo_G_Feat_Lil_Tjay__Pop_Out_By_Ryan_Lynch_Prod_By_JDONTHATRACK___Iceberg,Polo_G,g-uW3I_AtDE.m4a
JePnQ1gSagc,Marshmello__Together_Official_Music_Video,Marshmello,JePnQ1gSagc.m4a
D0i23wZ0IeE,Post_Malone__Wow,Post_Malone,D0i23wZ0IeE.m4a
gUcisIlT7sM,Lil_Nas_X__Old_Town_Road_Music_Video_ft_Billy_Ray_Cyrus,Wicked_Sounds,gUcisIlT7sM.m4a
TdL9CxkVY2Y,Low_Key_feat_Tyga,Ally_Brooke__Topic,TdL9CxkVY2Y.m4a
02KV2gnZ5X0,Say_My_Name,David_Guetta__Topic,02KV2gnZ5X0.m4a
aaK9GxNCkUw,Goddamn,Tyga__Topic,aaK9GxNCkUw.m4a
fBKPgUvDVqE,Elevate,DJ_Khalil__Topic,fBKPgUvDVqE.m4a
ISeS--mjROs,Isis,Joyner_Lucas__Topic,ISeS--mjROs.m4a
PYIJhau0Rz4,Rolex,Ayo__Teo__Topic,PYIJhau0Rz4.m4a
PnFGXev2ts8,44_More,Logic__Topic,PnFGXev2ts8.m4a
6cRehW2Zbzs,Contra,Logic__Topic,6cRehW2Zbzs.m4a
Rs1HqzgM-q8,More_Than_You_Know,Axwell__Ingrosso__Topic,Rs1HqzgM-q8.m4a
pOQ-RE1QUbo,Like_I_Do,David_Guetta__Topic,pOQ-RE1QUbo.m4a
OeOg5R4bDWg,Im_the_One,DJ_Khaled__Topic,OeOg5R4bDWg.m4a
ZcN6UQDXFOo,I_Love,Joyner_Lucas__Topic,ZcN6UQDXFOo.m4a
tqQ0rjRxdvo,Falling_To_Pieces,Marshmello__Topic,tqQ0rjRxdvo.m4a
L1CRfMZVZC4,iann_dior__gone_girl_ft_Trippie_Redd_Official_Audio,iann_dior,L1CRfMZVZC4.m4a
w-KvlxqZ-30,Aero_Chord__Take_Me_Home_feat_Nevve_Monstercat_Release,Monstercat_Uncaged,w-KvlxqZ-30.m4a
1PrWA4C8eLw,Lil_Nas_X__Panini_Official_Audio,LilNasXVEVO,1PrWA4C8eLw.m4a
Hn4sfC2PbhI,Sub_Urban__Cradles_NCS_Release,NoCopyrightSounds,Hn4sfC2PbhI.m4a
jzD_yyEcp0M,Marshmello__AnneMarie__FRIENDS_Music_Video_OFFICIAL_FRIENDZONE_ANTHEM,Marshmello,jzD_yyEcp0M.m4a
C6CNvG89FcQ,Camila_Cabello__OMG_Audio_ft_Quavo,CamilaCabelloVEVO,C6CNvG89FcQ.m4a
H1pxi-rbpBg,Marshmello_x_Kane_Brown__One_Thing_Right_Duke__Jones_Remix_Video,Marshmello,H1pxi-rbpBg.m4a
Pkh8UtuejGw,Shawn_Mendes_Camila_Cabello__Seorita_Official_Music_Video,ShawnMendesVEVO,Pkh8UtuejGw.m4a
AMCwYdTJ_PE,Mask_Off,FUTURE__Topic,AMCwYdTJ_PE.m4a
pF8GWKjgpTw,Juicy,Doja_Cat__Topic,pF8GWKjgpTw.m4a
Pts89alh-o8,No_Puedo,Paulo_Londra__Topic,Pts89alh-o8.m4a
75fEhQlc9h4,Why_Dont_We__Macklemore__I_Dont_Belong_In_This_Club__Official_Music_Video,Why_Dont_We,75fEhQlc9h4.m4a
6vGENwhoFPM,Wiz_Khalifa__Never_Lie_featMoneybagg_Yo_Official_Audio,Wiz_Khalifa,6vGENwhoFPM.m4a
rWG0pv2lMVc,benny_mayne__say_my_name,CloudKid,rWG0pv2lMVc.m4a
p1gL8yyUvRY,Russ__Missin_You_Crazy_Official_Video,RussVEVO,p1gL8yyUvRY.m4a
M6jZKtNIOG4,Zeds_Dead_x_DROELOE__Stars_Tonight,Zeds_Dead,M6jZKtNIOG4.m4a
YWyHZNBz6FE,Chief_Keef__Love_Sosa,DGainz,YWyHZNBz6FE.m4a
J7IMwop3RHs,Rob_tone__Chill_Bill_ft_JDavis__Spooks_Dir_Alex_Vibe,Rob_Stone,J7IMwop3RHs.m4a
K_9tX4eHztY,Future__Low_Life_Official_Music_Video_ft_The_Weeknd,FutureVEVO,K_9tX4eHztY.m4a
M42EoG1QPnU,Stephen__Crossfire_Official_Music_Video,Stephen,M42EoG1QPnU.m4a
HMUDVMiITOU,DJ_Snake_Lil_Jon__Turn_Down_for_What,DJSnakeVEVO,HMUDVMiITOU.m4a
QK8mJJJvaes,MACKLEMORE__RYAN_LEWIS__THRIFT_SHOP_FEAT_WANZ_OFFICIAL_VIDEO,Macklemore_LLC,QK8mJJJvaes.m4a
5XK4v2fgMPU,KYLE__iSpy_feat_Lil_Yachty_Official_Music_Video,SuperDuperKyle,5XK4v2fgMPU.m4a
uQcQsIL5UNU,Arizona_Zervas__ROXANNE_Prod_94_Skrt,Arizona_Zervas,uQcQsIL5UNU.m4a
XCVAgd4G3qY,Ally_Brooke__Lips_Dont_Lie_feat_A_Boogie_Wit_Da_Hoodie,Ally_Brooke,XCVAgd4G3qY.m4a
0KSOMA3QBU0,Katy_Perry__Dark_Horse_Official_ft_Juicy_J,KatyPerryVEVO,0KSOMA3QBU0.m4a
w7M36yz9V0g,I_Mean_It,GEazy__Topic,w7M36yz9V0g.m4a
6wCe1Iv-a5E,Me_Myself__I,GEazy__Topic,6wCe1Iv-a5E.m4a
hYQXim1jRYY,Wack_Ass_Rappers_2,Dax__Topic,hYQXim1jRYY.m4a
46qlaKrg4WE,Bandit,Juice_WRLD__Topic,46qlaKrg4WE.m4a
7jLc5ZW1VcY,Feeling_Good,Demun_Jones__Topic,7jLc5ZW1VcY.m4a
fI69eQnMIvo,Blood__Water,grandson__Topic,fI69eQnMIvo.m4a
3_g2un5M350,Starboy,The_Weeknd__Topic,3_g2un5M350.m4a
ZTNjkL3AcxE,Really_Really,Kevin_Gates__Topic,ZTNjkL3AcxE.m4a
LXyjfMkw5zU,Lalala,Y2K__Topic,LXyjfMkw5zU.m4a
MsTWpbR_TVE,Riptide,Vance_Joy__Topic,MsTWpbR_TVE.m4a
dmB2FxKTlJ8,Secrets_Future_House_Extended,Tisto__Topic,dmB2FxKTlJ8.m4a
N4HWTqcvMMY,Crying_in_the_Club,Camila_Cabello__Topic,N4HWTqcvMMY.m4a
tbKuEhpadDI,Lean_Wit_Me,Juice_WRLD__Topic,tbKuEhpadDI.m4a
4QOkcGwjVow,Counting_Stars,OneRepublic__Topic,4QOkcGwjVow.m4a
mCIb3hIWpG4,Trust_Fund_Baby,Why_Dont_We__Topic,mCIb3hIWpG4.m4a
2XdaflpCfS8,Party_feat_A_Boogie_Wit_da_Hoodie,Paulo_Londra__Topic,2XdaflpCfS8.m4a
bR82jbS_bms,Faster,Cal_Scruby__Topic,bR82jbS_bms.m4a
r_-hXuXTMds,Arizona_Zervas__RACE,Promoting_Sounds,r_-hXuXTMds.m4a
uP4bOFkhDIw,You_Dont_Get_It,Cal_Scruby__Topic,uP4bOFkhDIw.m4a
l8ZiZw2k5lM,Back_Up,Cal_Scruby__Topic,l8ZiZw2k5lM.m4a
hdmdUpGEYGQ,Cal_Scruby__Faster,Promoting_Sounds,hdmdUpGEYGQ.m4a
iOPv9QiFLL8,Justin_Starling__Grind_,Promoting_Sounds,iOPv9QiFLL8.m4a
z-ixpWS2Yw4,Cal_Scruby__Worst_Day_Of_My_Life,Promoting_Sounds,z-ixpWS2Yw4.m4a
ZwDAUItQaX0,Pause,Cal_Scruby__Topic,ZwDAUItQaX0.m4a
HARsAb7hKuc,Do_Or_Die,Cal_Scruby__Topic,HARsAb7hKuc.m4a
nbqMIBYJlvk,Godzilla,Eminem__Topic,nbqMIBYJlvk.m4a
M8YzepH18T0,Bad_Vibe_feat_A_Boogie_Wit_da_Hoodie__2_Chainz,Quando_Rondo__Topic,M8YzepH18T0.m4a
0hAm3v0k-Y8,UCLA_feat_24hrs,RL_Grime__Topic,0hAm3v0k-Y8.m4a
n8AOWZfIlgw,Caroline,Boy_In_Space__Topic,n8AOWZfIlgw.m4a
92CywdGl0nk,Its_Nothing,Cal_Scruby__Topic,92CywdGl0nk.m4a
qdBXFv-qxTY,My_Anxiety,Cal_Scruby__Topic,qdBXFv-qxTY.m4a
JFOiJ5ZvQlE,Money_In_The_Grave,Drake__Topic,JFOiJ5ZvQlE.m4a
_KGnMgF3u6A,FML,Arizona_Zervas__Topic,_KGnMgF3u6A.m4a
vTMAa6zZ7jY,7_Years,Lukas_Graham__Topic,vTMAa6zZ7jY.m4a
_aqSr5wmpmE,Dont_Ask,Plies__Topic,_aqSr5wmpmE.m4a
kYaiRDshuk8,Forever,Justin_Bieber__Topic,kYaiRDshuk8.m4a
JFOQjm7BfRE,South_of_the_Border_feat_Camila_Cabello__Cardi_B,Ed_Sheeran__Topic,JFOQjm7BfRE.m4a
Y-YRlZEOkOE,No_I_in_Team,Arizona_Zervas__Topic,Y-YRlZEOkOE.m4a
nBS1LR0S8ks,When_I_Grow_Up,NF__Topic,nBS1LR0S8ks.m4a
CHAg1Sbm_P0,Those_Kinda_Nights,Eminem__Topic,CHAg1Sbm_P0.m4a
p-014jHwYP4,Mama_Said,Lukas_Graham__Topic,p-014jHwYP4.m4a
BAwJa9ZssQ0,Still_Be_Friends,GEazy__Topic,BAwJa9ZssQ0.m4a
PVjiKRfKpPI,Hozier__Take_Me_To_Church_Official_Video,HozierVEVO,PVjiKRfKpPI.m4a
sZRmSjZA14k,I_Dont_Care,Tom_MacDonald__Topic,sZRmSjZA14k.m4a
1WRkN-Y8y0U,Sober,Tom_MacDonald__Topic,1WRkN-Y8y0U.m4a
oGqRmLWn3rM,Bad_News,Tom_MacDonald__Topic,oGqRmLWn3rM.m4a
8JYd5lsFf-k,Wing,Macklemore__Ryan_Lewis__Topic,8JYd5lsFf-k.m4a
nkyd0PvATJw,5_shots,Gianni_And_Kyle__Topic,nkyd0PvATJw.m4a
Obim8BYGnOE,Till_I_Collapse,Eminem__Topic,Obim8BYGnOE.m4a
MJNGXnvHYPg,Sing_For_The_Moment,Eminem__Topic,MJNGXnvHYPg.m4a
Tg6HGcj7pGo,Everybody_Dies_In_Their_Nightmares,XXXTENTACION__Topic,Tg6HGcj7pGo.m4a
YUj3icwOxrc,Bad_Child,Tones_and_I__Topic,YUj3icwOxrc.m4a
Zh9p-6JfrSo,The_Search,NF__Topic,Zh9p-6JfrSo.m4a
ULmFpJbJfDs,Worry_About_Me,Ellie_Goulding__Topic,ULmFpJbJfDs.m4a
knSfsR3fP1I,Kobe_With_the_Fro,Cal_Scruby__Topic,knSfsR3fP1I.m4a
GfiJowcJiVw,The_Hills,The_Weeknd__Topic,GfiJowcJiVw.m4a
dfzlUHOFQ5k,blackbear__do_re_mi_ft_Gucci_Mane_Official_Music_Video,blackbearVEVO,dfzlUHOFQ5k.m4a
HQM_T-ijA_I,blackbear__me__ur_ghost,blackbearVEVO,HQM_T-ijA_I.m4a
nezLyaqVOXM,Double_Time,Cal_Scruby__Topic,nezLyaqVOXM.m4a
bKPfBqhGjRs,Ghost,Confetti__Topic,bKPfBqhGjRs.m4a
Ja1EXgzqICQ,Rob_A_Bank,Confetti__Topic,Ja1EXgzqICQ.m4a
zT1vPZZ4H9E,Y2K__Go_Dumb_ft_blackbear_The_Kid_Laroi__Bankrol_Hayden_Official_Audio_Visualizer,Y2KVEVO,zT1vPZZ4H9E.m4a
6rQh8dGjev8,4u,blackbear__Topic,6rQh8dGjev8.m4a
ehLaQXsYe9Q,Like_I_Aint,Tech_N9ne__Topic,ehLaQXsYe9Q.m4a
6zdvlbmDF4E,Erbody_But_Me,Tech_N9ne__Topic,6zdvlbmDF4E.m4a
cU36WSG-XjI,Meant_to_Be_feat_Florida_Georgia_Line,Bebe_Rexha__Topic,cU36WSG-XjI.m4a
3vo0yTtXKhI,Revenge_And_a_Little_More,Unlike_Pluto__Topic,3vo0yTtXKhI.m4a
e6YYRLfUZ5M,Juice_WRLD__Lean_Wit_Me_Official_Audio,Juice_WRLD,e6YYRLfUZ5M.m4a
K533gW3boIY,GEazy_X_Bebe_Rexha__Me_Myself__I_Audio,GEazyMusicVEVO,K533gW3boIY.m4a
K1FlAphL2p8,Stressed_Out,Twenty_One_Pilots__Topic,K1FlAphL2p8.m4a
4NRXx6U8ABQ,The_Weeknd__Blinding_Lights_Official_Video,TheWeekndVEVO,4NRXx6U8ABQ.m4a
1pbg5D1Pliw,Mindless_Bliss,Unlike_Pluto__Topic,1pbg5D1Pliw.m4a
DmZYXNN9zOs,KYLE__What_It_Is_Official_Music_Video,SuperDuperKyle,DmZYXNN9zOs.m4a
Ei98G3tAUhc,GEazy__Stan_By_Me_Audio,GEazyMusicVEVO,Ei98G3tAUhc.m4a
nYflI1j0kyc,Army,Besomorph__Topic,nYflI1j0kyc.m4a
r9NlgdlrgIA,Dear_God,Dax__Topic,r9NlgdlrgIA.m4a
N8uAkHPyKUg,Grey_Luh,Berhana__Topic,N8uAkHPyKUg.m4a
C5dF1Pl-FYs,Cigarettes_On_Patios,BabyJake__Topic,C5dF1Pl-FYs.m4a
KDYWFSAgn-A,Buddy__Trippin_ft_Khalid_Official_Audio,BuddyVEVO,KDYWFSAgn-A.m4a
JK2gYQO2BwY,Clever__Wooden_Box_Official_Music_Video__WSHH_Exclusive,WORLDSTARHIPHOP,JK2gYQO2BwY.m4a
F4yb0CBd4I4,Beautiful,Eminem__Topic,F4yb0CBd4I4.m4a
9kznlAwE-8o,Mockingbird,Eminem__Topic,9kznlAwE-8o.m4a
-grPV-Fae6I,Not_Afraid,Eminem__Topic,-grPV-Fae6I.m4a
r5MR7_INQwg,The_Real_Slim_Shady,Eminem__Topic,r5MR7_INQwg.m4a
5UAzjOnBDZA,XANAKIN_SKYWOK__Jazz_Hands_Ft_Sadfriendd_prod_AV,scroll,5UAzjOnBDZA.m4a
np0L-lsLT48,8_O_8,Jeazzus__Topic,np0L-lsLT48.m4a
m-6p6Cc_zHc,March__XANAKIN_SKYWOK_x_YUNG_KAGE_x_AVGOTDRIP__OFFICIAL_AMV_,XANAKIN_SKYWOK,m-6p6Cc_zHc.m4a
fGXpQzcmKWg,Blake_Basic__BAD_INFLUENCE_ft_Yamakazi,scroll,fGXpQzcmKWg.m4a
gB5jHsOg8PI,Kylof_Sze__GOD_DAMN,Toxic,gB5jHsOg8PI.m4a
4tZT9dXxD10,Mahaji__Snowing_Feat_Prvnci,scroll,4tZT9dXxD10.m4a
wp93RISuv5k,Prompto_x_Downfvll_x_Sugs__Task_Force,Prompto,wp93RISuv5k.m4a
3tP9Kv9ZsE0,Bunny_Girl,1nonly__Topic,3tP9Kv9ZsE0.m4a
9QxyGPQp2LI,LIL_PEEP__RIGHTHERE,Toxic,9QxyGPQp2LI.m4a
EZkNUmVXg6U,POP_SMOKE__ELEMENT_Official_Lyric_Video,POP_SMOKE,EZkNUmVXg6U.m4a
mNEUkkoUoIA,OneRepublic__I_Aint_Worried_From_Top_Gun_Maverick_Official_Music_Video,OneRepublicVEVO,mNEUkkoUoIA.m4a
ADZOVX1FMYE,UL_x_REDEMBRECE__SHAWTY_BUST_IT_Prod_klimonglue,splashmp3,ADZOVX1FMYE.m4a
rM-GYR9icww,Best_Friends_Remix,The_Weeknd__Topic,rM-GYR9icww.m4a
OzLXxjQaXuk,Lil_Story__Hell_n_Back,Promoting_Sounds,OzLXxjQaXuk.m4a
FK-7BdHdB6U,skee__Rhythm_of_Life,Promoting_Sounds,FK-7BdHdB6U.m4a
61Aypdtakss,OneRepublic__I_Aint_Worried_Acoustic_Official_Audio,OneRepublicVEVO,61Aypdtakss.m4a
ff0Me6YKA4E,Bad_Dream,Stellar__Topic,ff0Me6YKA4E.m4a
Y19FzsqM1as,Tujamo_feat_Sorana__One_On_One_Official_Music_Video,Spinnin_Records,Y19FzsqM1as.m4a
rNAMuLUYeIM,KennethWayne__SORRY_IM_STONED,Promoting_Sounds,rNAMuLUYeIM.m4a
UE9aqNJ11rs,CNN_Mikey__Friendly_Neighbours,Promoting_Sounds,UE9aqNJ11rs.m4a
68ebu8fjVzU,sevenCenturies__Clarity,Promoting_Sounds,68ebu8fjVzU.m4a
9_Vve3OWJ-M,is0kenny_Disco_Dancin_Official_Audio,is0kenny,9_Vve3OWJ-M.m4a
-yS1NKTuZy8,Kado__Say_Goodbye_ft_Maiza,Promoting_Sounds,-yS1NKTuZy8.m4a
b-Jr2hsdSZE,shady_MOON__paranoia_lyrics,Promoting_Sounds,b-Jr2hsdSZE.m4a
72DIJK3HfMs,Seanii__Fork_In_The_Road,Promoting_Sounds,72DIJK3HfMs.m4a
v7qp5O2AwPo,Milky_Sad__F_U_ENERGY_lyrics,Promoting_Sounds,v7qp5O2AwPo.m4a
DfsyDYsIoms,Artemas__Hello_Again,Promoting_Sounds,DfsyDYsIoms.m4a
4LLmvjMu2vI,Giovanni__FOOL_ft_Kam_Michael,Promoting_Sounds,4LLmvjMu2vI.m4a
hDvK_xbSDAY,Kiremi__billboard_dreams,Promoting_Sounds,hDvK_xbSDAY.m4a
u7mzjtH8wKA,Waterparks__Numb_Official_Audio,Waterparks,u7mzjtH8wKA.m4a
A7oHe4-dwIw,BoyWithUke__IDGAF_Lyrics_ft_blackbear,7clouds,A7oHe4-dwIw.m4a
QFbcJbo2jRI,2gaudy637Godwin__In_the_middle_Prodyungspoiler,SHI_KEI,QFbcJbo2jRI.m4a
_mFScYTuBhk,2Gaudy637Godwin__Rats_ass,SHI_KEI,_mFScYTuBhk.m4a
mjbzJKj--bs,Crewsont__Cry_for_Help,scroll,mjbzJKj--bs.m4a
CuNJXbBHJQg,Zero_Kares__Understand_It,scroll,CuNJXbBHJQg.m4a
KENURC7zess,Yusha__Sapphire_Tears,scroll,KENURC7zess.m4a
JsWlu6ELMio,cxldface__EYELINER,scroll,JsWlu6ELMio.m4a
6JEfNHGiv6w,AViVA__The_Saint_And_The_Sinner,MrMoMMusic,6JEfNHGiv6w.m4a
iebKgakIvuE,lilspirit_ft_blackbear__numb,Promoting_Sounds,iebKgakIvuE.m4a
nDiZD8mhaYw,blackbear__fashion_week_its_different_remix,GalaxyMusic,nDiZD8mhaYw.m4a
DEZVVEd_2UI,Stranger,Stellar__Topic,DEZVVEd_2UI.m4a
OPKTk5vUtDY,Feel_It_Still,Portugal_The_Man__Topic,OPKTk5vUtDY.m4a
_GX3D32b3TI,STAR_WALKIN_League_of_Legends_Worlds_Anthem,Lil_Nas_X__Topic,_GX3D32b3TI.m4a
juFJD--0h8M,IM_SOLO,SoloCelo__Topic,juFJD--0h8M.m4a
ABjO7jRDA6Q,I_Love_Fire,Yxng_Davi__Topic,ABjO7jRDA6Q.m4a
Y2G6S8BV2Eo,PRIV__memories,Promoting_Sounds,Y2G6S8BV2Eo.m4a
lyLf2t9FJAg,Choose,Lil_Peep__Topic,lyLf2t9FJAg.m4a
YTsoHbhEWyo,Novocaine,Tsunami_J__Topic,YTsoHbhEWyo.m4a
Zrly3QMUhoo,Lil_Nas_X__STAR_WALKIN_League_of_Legends_Worlds_Anthem_Official_Visualizer,LilNasXVEVO,Zrly3QMUhoo.m4a
SA9binN4wJs,NOT__Like_Me_feat_iann_dior_Official_Video,SNOT,SA9binN4wJs.m4a
JREon76xt68,Prompto__Nevermore,Prompto,JREon76xt68.m4a
mqVxF9cPVpE,Nate_Kest__cellphone,Promoting_Sounds,mqVxF9cPVpE.m4a
byk-83KqFLE,Ouse__moods,Promoting_Sounds,byk-83KqFLE.m4a
zNtUOE9ej_U,SoySauce__lil_aaron__BOUT_TIME,Rap_Nation,zNtUOE9ej_U.m4a
_pTYamAHYhA,Skee__All_My_Time,Promoting_Sounds,_pTYamAHYhA.m4a
1qksd1FYZe8,Stellar__Bad_Dream_Official_Video,Stellar,1qksd1FYZe8.m4a
jOiqV38fyKM,I_Wanna_Love_You,Akon__Topic,jOiqV38fyKM.m4a
_7WzKELjBJI,Maiza__You_Already_Know,Promoting_Sounds,_7WzKELjBJI.m4a
W97Sv-SHnDU,OneRepublic__I_Aint_Worried_From_Top_Gun_Maverick_Lyric_Video,OneRepublicVEVO,W97Sv-SHnDU.m4a
4o5Q23vUorI,North_Ave_Jax__Awful,Promoting_Sounds,4o5Q23vUorI.m4a
BMtU8S1rzmY,sevenCenturies__Jump_Ship,Promoting_Sounds,BMtU8S1rzmY.m4a
1T9_b69wvJ0,Runnin,Jeazzus__Topic,1T9_b69wvJ0.m4a
-tlU-zK4GjM,YCK__What_They_Wanna_Be,splashmp3,-tlU-zK4GjM.m4a
wYj430JX1vw,In_My_Bag,KT__Topic,wYj430JX1vw.m4a
Xpefvlz7ogE,Calvin_Klein,Jeazzus__Topic,Xpefvlz7ogE.m4a
KEOci3Nsljo,Eshay,Dassy__Topic,KEOci3Nsljo.m4a
18SHU3wu4T0,Riding,SUT__Topic,18SHU3wu4T0.m4a
-Lo5_89qxcY,LET_IT_OFF,Kuma_the_Third__Topic,-Lo5_89qxcY.m4a
XSSZRm_0o5Q,DANCE_feat_Ciscaux__Wassup_Rocker,1nonly__Topic,XSSZRm_0o5Q.m4a
LdmAGF-kfX8,Midnight,Desren__Topic,LdmAGF-kfX8.m4a
IZlfAIwA4II,Im_Toxic,Khantrast__Topic,IZlfAIwA4II.m4a
rddxMpDR8OQ,Hentai_Bitch_feat_Kodama_Boy__Big_Gay,ShikiTMNS__Topic,rddxMpDR8OQ.m4a
2z7NV9YUmv8,Naruto_Bluebird_Freestyle,Khantrast__Topic,2z7NV9YUmv8.m4a
GtHTIQ3M9MI,Notions_x_Kylof_Sze__Rain_Down,splashmp3,GtHTIQ3M9MI.m4a
LBWUTWSBJU4,Vogue,Rev__Topic,LBWUTWSBJU4.m4a
tSFSSPnyLes,Lowkey_II,YCK__Topic,tSFSSPnyLes.m4a
-nWcUlfW4E0,Go_feat_Rezzy,Joey_Flats__Topic,-nWcUlfW4E0.m4a
0OcPOev-sVU,strawberry_moon,Hxzz__Topic,0OcPOev-sVU.m4a
eOlUpB28QsY,MINE_prod_dustin,1nonly,eOlUpB28QsY.m4a
Fv2VYiXvbkY,She_A_Queen,Matt_Corman__Topic,Fv2VYiXvbkY.m4a
zU1AbQeqmXg,YTD_X_SIXTHELLS__AKI,scroll,zU1AbQeqmXg.m4a
0CkuOXJnho8,Mahaji_x_Prvnci__Ice_Chop,scroll,0CkuOXJnho8.m4a
T2fjQrsKbAM,BoyWithUke__Understand,BoyWithUkeVEVO,T2fjQrsKbAM.m4a
qktdMLWzcJw,Kado__TAKE_IT_ALL,Promoting_Sounds,qktdMLWzcJw.m4a
9csBVQ3WXfg,Ryan_Mitchell__Cover_Girl,Promoting_Sounds,9csBVQ3WXfg.m4a
IMAB8F_kPTc,Hxzz__Patience,Promoting_Sounds,IMAB8F_kPTc.m4a
KM7B0r0XhBQ,6o__Insanity,Promoting_Sounds,KM7B0r0XhBQ.m4a
MaiLMTzTR3M,2gaudy__faded_than_a_hoe,Promoting_Sounds,MaiLMTzTR3M.m4a
WtpBBrhFO8g,casey_mason__Cruel_Cruel_Girl,Promoting_Sounds,WtpBBrhFO8g.m4a
R1Nuj_fI9Zc,autrioly__Ghost_In_Me,Promoting_Sounds,R1Nuj_fI9Zc.m4a
_Zkw-OS-TVw,Kado__Pain_Pain_Go_Away,Promoting_Sounds,_Zkw-OS-TVw.m4a
Fc8vZWGrF88,KRINGE__4AM,__,Fc8vZWGrF88.m4a
-HI6j-8YLmc,EDDIE_FRESCO__WHAT_YOU_MADE_ME_FT_RNIN,scroll,-HI6j-8YLmc.m4a
1MkOt4h8MRI,Blake_Banks__Burn_This_City_Down,scroll,1MkOt4h8MRI.m4a
B-YUCEtstGM,Jkru__Broken,scroll,B-YUCEtstGM.m4a
2ydxyWrsM7g,SADZILLA_x_BLAKE_BASIC__FLEXED_UP,scroll,2ydxyWrsM7g.m4a
3wlDpOwAqkI,Prompto__Eternal,scroll,3wlDpOwAqkI.m4a
nXOL2L_XoA8,PRAX__916frosty__ETHANOL,scroll,nXOL2L_XoA8.m4a
DwtgdeJea_8,Callux_x_Laz__When_Youre_On_Me,scroll,DwtgdeJea_8.m4a
MV1cxtNcLTM,sshvdow__ANGEL,Toxic,MV1cxtNcLTM.m4a
UEvbeJzkx5o,s0clich__Broke_the_Vault_prod_Allrounda_Beats,__,UEvbeJzkx5o.m4a
ni4iznsDgdw,CM_PAX__FALL_DOWN_feat_LG4_Trey,Toxic,ni4iznsDgdw.m4a
XLqY_ik8u_Y,Kado__Dont_Wanna_Die_ft_Julia_Alexa,Promoting_Sounds,XLqY_ik8u_Y.m4a
xra-YQVjRmo,Peech__watch_them_go,Promoting_Sounds,xra-YQVjRmo.m4a